Time,Android,iOS,Windows
6/3/2025 13:00,42315.29239,138312.67,4406.459972
6/3/2025 14:00,27476.74874,78734.55248,3244.468007
6/3/2025 15:00,41361.03123,85438.09477,2662.113971
6/3/2025 16:00,24138.24756,93805.68504,5641.794057
6/3/2025 17:00,21968.96044,80429.60663,4631.193168
6/3/2025 18:00,16294.89689,77707.92647,2171.974504
6/3/2025 19:00,16347.96751,80559.93539,3736.628205
6/3/2025 20:00,20061.63268,95740.3941,1391.522099
6/3/2025 21:00,22205.60549,73214.45332,1554.405405
